Title,Price,Rating
N/A,833,4.1 out of 5 stars
N/A,891,3.7 out of 5 stars
N/A,844,3.9 out of 5 stars
N/A,999,3.9 out of 5 stars
N/A,848,3.7 out of 5 stars
N/A,799,5.0 out of 5 stars
N/A,994,4.0 out of 5 stars
N/A,"1,568",3.6 out of 5 stars
N/A,"1,189",3.6 out of 5 stars
N/A,764,2.7 out of 5 stars
N/A,"1,199",3.9 out of 5 stars
N/A,"1,399",4.0 out of 5 stars
N/A,"1,189",2.1 out of 5 stars
N/A,718,3.2 out of 5 stars
N/A,"1,279",3.7 out of 5 stars
N/A,789,3.7 out of 5 stars
N/A,399,3.3 out of 5 stars
N/A,"1,499",2.7 out of 5 stars
N/A,"1,399",1.0 out of 5 stars
N/A,"1,399",2.5 out of 5 stars
N/A,"2,989",3.5 out of 5 stars
N/A,"1,399",N/A
N/A,"1,289",3.4 out of 5 stars
N/A,"1,399",2.2 out of 5 stars
N/A,799,N/A
N/A,"1,349",2.5 out of 5 stars
N/A,"2,198",4.2 out of 5 stars
N/A,"1,599",4.1 out of 5 stars
N/A,"2,950",3.6 out of 5 stars
N/A,"1,499",3.2 out of 5 stars
N/A,"2,999",3.3 out of 5 stars
N/A,"1,499",5.0 out of 5 stars
N/A,"1,299",3.7 out of 5 stars
N/A,"1,475",3.1 out of 5 stars
N/A,"1,399",3.2 out of 5 stars
N/A,"1,499",1.5 out of 5 stars
N/A,"1,799",3.6 out of 5 stars
N/A,599,3.9 out of 5 stars
N/A,"2,329",4.1 out of 5 stars
N/A,849,3.8 out of 5 stars
N/A,"1,025",N/A
N/A,799,N/A
N/A,N/A,N/A
N/A,"1,499",3.5 out of 5 stars
N/A,948,N/A
N/A,"1,599",N/A
N/A,"1,499",N/A
N/A,"2,779",3.6 out of 5 stars
